{
  "best_model": "LogReg",
  "cv_results": {
    "LogReg": {
      "best_params": {
        "clf__C": 0.3
      },
      "best_cv_f1_macro": 0.33215022635069763
    },
    "LinearSVC(calibrated)": {
      "best_params": {
        "clf__estimator__C": 0.5
      },
      "best_cv_f1_macro": 0.18562941537506458
    }
  },
  "train": {
    "accuracy": 0.3525,
    "precision_macro": 0.3525834800333998,
    "recall_macro": 0.3531079614707029,
    "f1_macro": 0.3518870530663791
  },
  "test": {
    "accuracy": 0.34,
    "precision_macro": 0.3379473291983483,
    "recall_macro": 0.3410005199478883,
    "f1_macro": 0.33820907039394094,
    "roc_auc_ovr": {
      "High": 0.5065162324551206,
      "Low": 0.5319761567993535,
      "Medium": 0.4983982272871161
    },
    "pr_auc_ovr": {
      "High": 0.35378809948435974,
      "Low": 0.3346412296213118,
      "Medium": 0.3235915870880899
    }
  },
  "classification_report": {
    "High": {
      "precision": 0.33152173913043476,
      "recall": 0.291866028708134,
      "f1-score": 0.3104325699745547,
      "support": 209.0
    },
    "Low": {
      "precision": 0.36681222707423583,
      "recall": 0.42857142857142855,
      "f1-score": 0.3952941176470588,
      "support": 196.0
    },
    "Medium": {
      "precision": 0.3155080213903743,
      "recall": 0.30256410256410254,
      "f1-score": 0.3089005235602094,
      "support": 195.0
    },
    "accuracy": 0.34,
    "macro avg": {
      "precision": 0.3379473291983483,
      "recall": 0.3410005199478883,
      "f1-score": 0.33820907039394094,
      "support": 600.0
    },
    "weighted avg": {
      "precision": 0.3378455069265568,
      "recall": 0.34,
      "f1-score": 0.33765609379624384,
      "support": 600.0
    }
  },
  "confusion_image": "c:\\\\Users\\\\bhara\\\\Downloads\\\\ML\\\\2\\\\outputs\\disease_risk_confusions.png",
  "confusion_normalized_image": "c:\\\\Users\\\\bhara\\\\Downloads\\\\ML\\\\2\\\\outputs\\disease_risk_confusions_normalized.png",
  "roc_pr_image": "c:\\\\Users\\\\bhara\\\\Downloads\\\\ML\\\\2\\\\outputs\\disease_risk_roc_pr.png"
}