accuracy,precision,recall,f1,mcc
0.922,0.7819420783645656,0.9425051334702259,0.8547486033519553,0.8085986514297471
